date_time_from,date_time_to,app_registrations,qr_codes_generated,nzbn_registered_businesses,scans,manual_entries,active_devices,bluetooth_active_24hr,origin_date
19/05/2020 12:00,20/05/2020 12:00,92595,NA,NA,1407,0,NA,NA,0019-05-20
20/05/2020 12:00,21/05/2020 12:00,143405,5800,11411,11411,0,NA,NA,0020-05-20
21/05/2020 12:00,22/05/2020 12:00,57000,4892,23561,23561,0,NA,NA,0021-05-20
22/05/2020 12:00,23/05/2020 12:00,31000,1528,30275,30275,0,NA,NA,0022-05-20
23/05/2020 12:00,24/05/2020 12:00,30000,NA,NA,31444,0,NA,NA,0023-05-20
24/05/2020 12:00,25/05/2020 12:00,26000,NA,NA,29426,0,NA,NA,0024-05-20
25/05/2020 12:00,26/05/2020 12:00,25000,3330,NA,31629,0,NA,NA,0025-05-20
26/05/2020 12:00,27/05/2020 12:00,17000,1510,NA,36794,0,NA,NA,0026-05-20
27/05/2020 12:00,28/05/2020 12:00,14000,1200,NA,39216,0,NA,NA,0027-05-20
28/05/2020 12:00,29/05/2020 12:00,10000,1270,NA,43473,0,NA,NA,0028-05-20
29/05/2020 12:00,30/05/2020 12:00,12000,NA,NA,48091,0,NA,NA,0029-05-20
30/05/2020 12:00,31/05/2020 12:00,10000,1097,10679,51353,0,NA,NA,0030-05-20
31/05/2020 12:00,01/06/2020 12:00,8000,NA,NA,41061,0,NA,NA,0031-05-20
01/06/2020 12:00,02/06/2020 12:00,6000,588,301,41382,0,NA,NA,0001-06-20
02/06/2020 12:00,03/06/2020 12:00,5000,2797,NA,39801,0,NA,NA,0002-06-20
03/06/2020 12:00,04/06/2020 12:00,8000,NA,NA,43562,0,NA,NA,0003-06-20
04/06/2020 12:00,05/06/2020 12:00,6000,8061,4805,45368,0,NA,NA,0004-06-20
05/06/2020 12:00,06/06/2020 12:00,10645,NA,NA,49272,0,NA,NA,0005-06-20
06/06/2020 12:00,07/06/2020 12:00,5355,NA,NA,50110,0,NA,NA,0006-06-20
07/06/2020 12:00,08/06/2020 12:00,5000,5431,2722,47585,0,NA,NA,0007-06-20
08/06/2020 12:00,09/06/2020 12:00,13000,3199,1227,43688,0,NA,NA,0008-06-20
09/06/2020 12:00,10/06/2020 12:00,6000,2619,805,41358,0,NA,NA,0009-06-20
10/06/2020 12:00,11/06/2020 12:00,5000,1778,368,40404,0,NA,NA,0010-06-20
11/06/2020 12:00,12/06/2020 12:00,4000,1600,193,36798,0,NA,NA,0011-06-20
12/06/2020 12:00,13/06/2020 12:00,2000,777,330,30559,0,NA,NA,0012-06-20
13/06/2020 12:00,14/06/2020 12:00,2000,358,171,26429,0,NA,NA,0013-06-20
14/06/2020 12:00,15/06/2020 12:00,3000,1038,435,26642,0,NA,NA,0014-06-20
15/06/2020 12:00,16/06/2020 12:00,1000,3480,1877,27261,0,NA,NA,0015-06-20
16/06/2020 12:00,17/06/2020 12:00,4000,4199,1729,33006,0,NA,NA,0016-06-20
17/06/2020 12:00,18/06/2020 12:00,3000,3136,975,35471,0,NA,NA,0017-06-20
18/06/2020 12:00,19/06/2020 12:00,4000,2491,815,34190,0,NA,NA,0018-06-20
19/06/2020 12:00,20/06/2020 12:00,2000,878,352,24013,0,NA,NA,0019-06-20
20/06/2020 12:00,21/06/2020 12:00,2000,103,61,15885,0,NA,NA,0020-06-20
21/06/2020 12:00,22/06/2020 12:00,3000,516,180,18051,0,NA,NA,0021-06-20
22/06/2020 12:00,23/06/2020 12:00,1000,10081,259,19598,0,NA,NA,0022-06-20
23/06/2020 12:00,24/06/2020 12:00,2000,790,212,19163,0,12169,NA,0023-06-20
24/06/2020 12:00,25/06/2020 12:00,1000,284,118,17780,0,13146,NA,0024-06-20
25/06/2020 12:00,26/06/2020 12:00,1000,316,97,16173,0,11988,NA,0025-06-20
26/06/2020 12:00,27/06/2020 12:00,1000,138,58,12096,0,9009,NA,0026-06-20
27/06/2020 12:00,28/06/2020 12:00,1000,31,19,9925,0,7329,NA,0027-06-20
28/06/2020 12:00,29/06/2020 12:00,1000,NA,NA,11887,0,9336,NA,0028-06-20
29/06/2020 12:00,30/06/2020 12:00,1000,460,189,12878,0,9692,NA,0029-06-20
30/06/2020 12:00,01/07/2020 12:00,1000,150,48,12917,0,9676,NA,0030-06-20
01/07/2020 12:00,02/07/2020 12:00,1000,228,87,12242,0,9175,NA,0001-07-20
02/07/2020 12:00,03/07/2020 12:00,500,97,41,13197,0,8867,NA,0002-07-20
03/07/2020 12:00,04/07/2020 12:00,500,61,28,9985,0,6838,NA,0003-07-20
04/07/2020 12:00,05/07/2020 12:00,800,25,13,7966,0,5399,NA,0004-07-20
05/07/2020 12:00,06/07/2020 12:00,NA,NA,NA,12549,0,6842,NA,0005-07-20
06/07/2020 12:00,07/07/2020 12:00,1200,753,108,13758,0,7153,NA,0006-07-20
07/07/2020 12:00,08/07/2020 12:00,1000,134,33,14857,0,7330,NA,0007-07-20
08/07/2020 12:00,09/07/2020 12:00,1000,131,46,16309,0,7528,NA,0008-07-20
09/07/2020 12:00,10/07/2020 12:00,700,104,52,17564,0,7491,NA,0009-07-20
10/07/2020 12:00,11/07/2020 12:00,NA,NA,NA,14737,0,6039,NA,0010-07-20
11/07/2020 12:00,12/07/2020 12:00,NA,NA,NA,12079,0,4800,NA,0011-07-20
12/07/2020 12:00,13/07/2020 12:00,1300,105,58,14402,0,5982,NA,0012-07-20
13/07/2020 12:00,14/07/2020 12:00,NA,NA,NA,17098,0,6959,NA,0013-07-20
14/07/2020 12:00,15/07/2020 12:00,2000,364,156,18663,0,7156,NA,0014-07-20
15/07/2020 12:00,16/07/2020 12:00,11000,882,431,25718,0,9937,NA,0015-07-20
16/07/2020 12:00,17/07/2020 12:00,4500,682,357,31925,0,11907,NA,0016-07-20
17/07/2020 12:00,18/07/2020 12:00,NA,NA,NA,27266,0,9746,NA,0017-07-20
18/07/2020 12:00,19/07/2020 12:00,NA,NA,NA,22250,0,7823,NA,0018-07-20
19/07/2020 12:00,20/07/2020 12:00,3900,411,225,24045,0,8916,NA,0019-07-20
20/07/2020 12:00,21/07/2020 12:00,900,227,111,25077,0,9135,NA,0020-07-20
21/07/2020 12:00,22/07/2020 12:00,900,188,88,23686,0,8730,NA,0021-07-20
22/07/2020 12:00,23/07/2020 12:00,800,145,83,24161,0,17791,NA,0022-07-20
23/07/2020 12:00,24/07/2020 12:00,800,206,87,24078,0,17615,NA,0023-07-20
24/07/2020 12:00,25/07/2020 12:00,NA,NA,NA,21128,0,15500,NA,0024-07-20
25/07/2020 12:00,26/07/2020 12:00,NA,NA,NA,17978,0,13074,NA,0025-07-20
26/07/2020 12:00,27/07/2020 12:00,1200,120,60,20091,0,15041,NA,0026-07-20
27/07/2020 12:00,28/07/2020 12:00,500,108,51,21466,0,15722,NA,0027-07-20
28/07/2020 12:00,29/07/2020 12:00,500,151,47,22035,5,16139,NA,0028-07-20
29/07/2020 12:00,30/07/2020 12:00,400,1239,36,22130,28,16060,NA,0029-07-20
30/07/2020 12:00,31/07/2020 12:00,1000,121,41,21105,3591,15269,NA,0030-07-20
31/07/2020 12:00,01/08/2020 12:00,NA,NA,NA,17474,6226,12434,NA,0031-07-20
01/08/2020 12:00,02/08/2020 12:00,NA,NA,NA,16428,7922,11466,NA,0001-08-20
02/08/2020 12:00,03/08/2020 12:00,4000,252,137,19402,6866,13905,NA,0002-08-20
03/08/2020 12:00,04/08/2020 12:00,1500,269,96,21567,7493,15135,NA,0003-08-20
04/08/2020 12:00,05/08/2020 12:00,2800,408,205,25254,10269,17702,NA,0004-08-20
05/08/2020 12:00,06/08/2020 12:00,6400,942,542,32169,28747,22353,NA,0005-08-20
06/08/2020 12:00,07/08/2020 12:00,4300,1945,456,37806,22672,25533,NA,0006-08-20
07/08/2020 12:00,08/08/2020 12:00,NA,NA,NA,33790,18862,22898,NA,0007-08-20
08/08/2020 12:00,09/08/2020 12:00,NA,NA,NA,29357,16784,19825,NA,0008-08-20
09/08/2020 12:00,10/08/2020 12:00,5000,703,342,30662,14713,21764,NA,0009-08-20
10/08/2020 12:00,11/08/2020 12:00,1600,664,189,33283,14842,23030,NA,0010-08-20
11/08/2020 12:00,12/08/2020 12:00,105000,13932,7486,147705,127453,101234,NA,0011-08-20
12/08/2020 12:00,13/08/2020 12:00,233200,37295,19916,452616,190504,247810,NA,0012-08-20
13/08/2020 12:00,14/08/2020 12:00,186600,32736,15423,833240,180634,394899,NA,0013-08-20
14/08/2020 12:00,15/08/2020 12:00,130400,14926,6351,982362,156551,447043,NA,0014-08-20
15/08/2020 12:00,16/08/2020 12:00,71000,7025,2656,897765,102839,412493,NA,0015-08-20
16/08/2020 12:00,17/08/2020 12:00,68100,16761,7762,977467,101103,481598,NA,0016-08-20
17/08/2020 12:00,18/08/2020 12:00,56700,23831,7749,1130794,96371,530093,NA,0017-08-20
18/08/2020 12:00,19/08/2020 12:00,57100,32040,5890,1242836,97203,564225,NA,0018-08-20
19/08/2020 12:00,20/08/2020 12:00,70400,26187,6142,1432967,95562,627665,NA,0019-08-20
20/08/2020 12:00,21/08/2020 12:00,48100,11226,2713,1596603,84633,662617,NA,0020-08-20
21/08/2020 12:00,22/08/2020 12:00,37400,5668,1305,1613453,78320,693138,NA,0021-08-20
22/08/2020 12:00,23/08/2020 12:00,32000,1489,439,1427167,65951,631204,NA,0022-08-20
23/08/2020 12:00,24/08/2020 12:00,31300,5130,1400,1418561,63703,664918,NA,0023-08-20
24/08/2020 12:00,25/08/2020 12:00,44600,4991,977,1537310,69445,701100,NA,0024-08-20
25/08/2020 12:00,26/08/2020 12:00,28700,4062,712,1647229,65433,740358,NA,0025-08-20
26/08/2020 12:00,27/08/2020 12:00,34400,3681,731,1748938,68143,773863,NA,0026-08-20
27/08/2020 12:00,28/08/2020 12:00,25400,5640,634,1801780,62210,786779,NA,0027-08-20
28/08/2020 12:00,29/08/2020 12:00,10700,1325,122,1851985,58141,800732,NA,0028-08-20
29/08/2020 12:00,30/08/2020 12:00,21700,1249,229,1590676,47831,713879,NA,0029-08-20
30/08/2020 12:00,31/08/2020 12:00,45500,6082,1866,1772137,60868,830505,NA,0030-08-20
31/08/2020 12:00,01/09/2020 12:00,36500,2079,403,2138705,75429,909813,NA,0031-08-20
01/09/2020 12:00,02/09/2020 12:00,27400,6262,996,2184391,71267,926782,NA,0001-09-20
02/09/2020 12:00,03/09/2020 12:00,23700,3111,482,2318485,71561,966795,NA,0002-09-20
03/09/2020 12:00,04/09/2020 12:00,20000,2794,397,2412753,67715,980014,NA,0003-09-20
04/09/2020 12:00,05/09/2020 12:00,12800,684,84,2509371,67834,999525,NA,0004-09-20
05/09/2020 12:00,06/09/2020 12:00,18600,740,139,2234332,55398,906369,NA,0005-09-20
06/09/2020 12:00,07/09/2020 12:00,20200,1840,348,2032851,52677,906313,NA,0006-09-20
07/09/2020 12:00,08/09/2020 12:00,10900,2136,243,2070489,51374,912710,NA,0007-09-20
08/09/2020 12:00,09/09/2020 12:00,10400,1674,199,2098225,55721,916476,NA,0008-09-20
09/09/2020 12:00,10/09/2020 12:00,10600,1494,184,2134941,62424,920990,NA,0009-09-20
10/09/2020 12:00,11/09/2020 12:00,9400,1611,179,2215478,57151,939965,NA,0010-09-20
11/09/2020 12:00,12/09/2020 12:00,4000,358,41,2045587,52898,870464,NA,0011-09-20
12/09/2020 12:00,13/09/2020 12:00,8700,470,56,1754502,43056,753980,NA,0012-09-20
13/09/2020 12:00,14/09/2020 12:00,10918,1131,207,1632027,44914,743107,NA,0013-09-20
14/09/2020 12:00,15/09/2020 12:00,7282,1590,155,1590146,46355,721328,NA,0014-09-20
15/09/2020 12:00,16/09/2020 12:00,6400,3160,119,1691255,44207,747640,NA,0015-09-20
16/09/2020 12:00,17/09/2020 12:00,6100,2153,138,1727376,44430,755486,NA,0016-09-20
17/09/2020 12:00,18/09/2020 12:00,5400,1248,102,1727548,43431,747912,NA,0017-09-20
18/09/2020 12:00,19/09/2020 12:00,0,0,0,1717515,38983,735822,NA,0018-09-20
19/09/2020 12:00,20/09/2020 12:00,0,0,0,1540166,32678,666502,NA,0019-09-20
20/09/2020 12:00,21/09/2020 12:00,14500,1723,172,1441867,33814,672636,NA,0020-09-20
21/09/2020 12:00,22/09/2020 12:00,3800,982,100,1342829,34714,634998,NA,0021-09-20
22/09/2020 12:00,23/09/2020 12:00,3200,893,86,1182707,34300,567223,NA,0022-09-20
23/09/2020 12:00,24/09/2020 12:00,3400,915,77,1159953,34974,555593,NA,0023-09-20
24/09/2020 12:00,25/09/2020 12:00,13000,987,81,1190145,41140,554380,NA,0024-09-20
25/09/2020 12:00,26/09/2020 12:00,NA,NA,NA,1222839,40585,556310,NA,0025-09-20
26/09/2020 13:00,27/09/2020 13:00,NA,NA,NA,1068501,33305,484371,NA,0026-09-20
27/09/2020 13:00,28/09/2020 13:00,9000,1664,180,1000073,30202,480492,NA,0027-09-20
28/09/2020 13:00,29/09/2020 13:00,2300,866,68,1000630,30455,476854,NA,0028-09-20
29/09/2020 13:00,30/09/2020 13:00,2000,1469,92,1032494,31246,488171,NA,0029-09-20
30/09/2020 13:00,01/10/2020 13:00,2000,1067,62,1033447,31190,486281,NA,0030-09-20
01/10/2020 13:00,02/10/2020 13:00,2000,906,66,1048001,31816,483427,NA,0001-10-20
02/10/2020 13:00,03/10/2020 13:00,900,237,27,1018727,30267,465220,NA,0002-10-20
03/10/2020 13:00,04/10/2020 13:00,1800,298,26,865659,25454,411990,NA,0003-10-20
04/10/2020 13:00,05/10/2020 13:00,2800,983,66,879429,26468,430658,NA,0004-10-20
05/10/2020 13:00,06/10/2020 13:00,2000,991,52,930847,30458,445183,NA,0005-10-20
06/10/2020 13:00,07/10/2020 13:00,1100,812,56,931055,27730,443542,NA,0006-10-20
07/10/2020 13:00,08/10/2020 13:00,1400,716,34,883353,27980,424193,NA,0007-10-20
08/10/2020 13:00,09/10/2020 13:00,1300,919,55,850323,28162,405512,NA,0008-10-20
09/10/2020 13:00,10/10/2020 13:00,1400,199,14,813463,26862,389153,NA,0009-10-20
10/10/2020 13:00,11/10/2020 13:00,700,199,25,661235,21871,336633,NA,0010-10-20
11/10/2020 13:00,12/10/2020 13:00,900,725,61,651122,23011,341519,NA,0011-10-20
12/10/2020 13:00,13/10/2020 13:00,900,726,54,648415,23830,334891,NA,0012-10-20
13/10/2020 13:00,14/10/2020 13:00,800,632,40,686041,24264,346758,NA,0013-10-20
14/10/2020 13:00,15/10/2020 13:00,800,712,57,666993,23931,338603,NA,0014-10-20
15/10/2020 13:00,16/10/2020 13:00,700,678,40,664591,23301,335379,NA,0015-10-20
16/10/2020 13:00,17/10/2020 13:00,600,115,3,685934,22723,351370,NA,0016-10-20
17/10/2020 13:00,18/10/2020 13:00,700,259,22,507817,17751,276278,NA,0017-10-20
18/10/2020 13:00,19/10/2020 13:00,1200,651,42,531182,27172,285026,NA,0018-10-20
19/10/2020 13:00,20/10/2020 13:00,600,673,50,571859,23079,297398,NA,0019-10-20
20/10/2020 13:00,21/10/2020 13:00,700,610,45,589838,23386,302897,NA,0020-10-20
21/10/2020 13:00,22/10/2020 13:00,1500,940,53,659070,34105,331599,NA,0021-10-20
22/10/2020 13:00,23/10/2020 13:00,2900,1048,68,801814,39659,383649,NA,0022-10-20
23/10/2020 13:00,24/10/2020 13:00,4800,332,40,1009328,58636,461094,NA,0023-10-20
24/10/2020 13:00,25/10/2020 13:00,4000,383,32,884180,37024,414126,NA,0024-10-20
25/10/2020 13:00,26/10/2020 13:00,2300,224,25,716896,28827,356442,NA,0025-10-20
26/10/2020 13:00,27/10/2020 13:00,2800,919,86,781432,29977,391955,NA,0026-10-20
27/10/2020 13:00,28/10/2020 13:00,1400,873,63,833932,30477,407609,NA,0027-10-20
28/10/2020 13:00,29/10/2020 13:00,900,342,23,821161,28710,399927,NA,0028-10-20
29/10/2020 13:00,30/10/2020 13:00,1100,2028,79,831608,29957,399422,NA,0029-10-20
30/10/2020 13:00,31/10/2020 13:00,700,396,19,789536,26668,379339,NA,0030-10-20
31/10/2020 13:00,01/11/2020 13:00,1000,678,31,620431,23179,318968,NA,0031-10-20
01/11/2020 13:00,02/11/2020 13:00,900,886,81,652245,22366,338274,NA,0001-11-20
02/11/2020 13:00,03/11/2020 13:00,1200,864,89,705320,28309,356540,NA,0002-11-20
03/11/2020 13:00,04/11/2020 13:00,1900,1144,76,786453,32340,388506,NA,0003-11-20
04/11/2020 13:00,05/11/2020 13:00,1825,304,24,779328,30253,388082,NA,0004-11-20
05/11/2020 13:00,06/11/2020 13:00,1075,1635,101,791541,27544,387718,NA,0005-11-20
06/11/2020 13:00,07/11/2020 13:00,800,187,15,821168,29611,388484,NA,0006-11-20
07/11/2020 13:00,08/11/2020 13:00,1100,295,24,683620,24851,337631,NA,0007-11-20
08/11/2020 13:00,09/11/2020 13:00,2400,916,79,732351,34132,369357,NA,0008-11-20
09/11/2020 13:00,10/11/2020 13:00,1711,1183,72,785720,30907,389794,NA,0009-11-20
10/11/2020 13:00,11/11/2020 13:00,1051,832,49,800515,27638,392149,NA,0010-11-20
11/11/2020 13:00,12/11/2020 13:00,1138,931,52,816795,27320,394755,NA,0011-11-20
12/11/2020 13:00,13/11/2020 13:00,6100,1654,136,1055759,58012,488294,NA,0012-11-20
13/11/2020 13:00,14/11/2020 13:00,2700,367,34,1189457,47391,523378,NA,0013-11-20
14/11/2020 13:00,15/11/2020 13:00,3100,352,38,1004750,34938,460816,NA,0014-11-20
15/11/2020 13:00,16/11/2020 13:00,3200,1149,103,978710,33658,469411,NA,0015-11-20
16/11/2020 13:00,17/11/2020 13:00,2800,1078,92,1019888,34304,482552,NA,0016-11-20
17/11/2020 13:00,18/11/2020 13:00,2200,984,70,1018615,32778,480625,NA,0017-11-20
18/11/2020 13:00,19/11/2020 13:00,1900,1020,80,1024758,31323,480886,NA,0018-11-20
19/11/2020 13:00,20/11/2020 13:00,2300,1102,63,1090321,33779,494393,NA,0019-11-20
20/11/2020 13:00,21/11/2020 13:00,1500,0,0,1071215,31395,479784,NA,0020-11-20
21/11/2020 13:00,22/11/2020 13:00,1200,0,0,891008,26511,414011,NA,0021-11-20
22/11/2020 13:00,23/11/2020 13:00,1700,1441,135,869648,25488,422397,NA,0022-11-20
23/11/2020 13:00,24/11/2020 13:00,1300,267,22,887463,26006,428741,NA,0023-11-20
24/11/2020 13:00,25/11/2020 13:00,1500,1398,88,847869,29461,423462,NA,0024-11-20
25/11/2020 13:00,26/11/2020 13:00,1400,909,54,895659,29439,440103,NA,0025-11-20
26/11/2020 13:00,27/11/2020 13:00,1700,741,47,940283,30972,447271,NA,0026-11-20
27/11/2020 13:00,28/11/2020 13:00,600,221,15,909782,29456,421681,NA,0027-11-20
28/11/2020 13:00,29/11/2020 13:00,1200,262,25,723724,23946,353937,NA,0028-11-20
29/11/2020 13:00,30/11/2020 13:00,1600,689,61,715825,23704,367113,NA,0029-11-20
30/11/2020 13:00,01/12/2020 13:00,1200,699,66,700547,23508,359352,NA,0030-11-20
01/12/2020 13:00,02/12/2020 13:00,1000,248,22,709821,22702,367175,NA,0001-12-20
02/12/2020 13:00,03/12/2020 13:00,1000,1166,74,689005,23408,367033,NA,0002-12-20
03/12/2020 13:00,04/12/2020 13:00,1000,756,38,688638,22981,354406,NA,0003-12-20
04/12/2020 13:00,05/12/2020 13:00,600,138,10,639640,22135,325398,NA,0004-12-20
05/12/2020 13:00,06/12/2020 13:00,900,229,26,515163,17980,275902,NA,0005-12-20
06/12/2020 13:00,07/12/2020 13:00,1000,560,42,523913,18791,286374,NA,0006-12-20
07/12/2020 13:00,08/12/2020 13:00,800,508,39,568150,20193,299807,NA,0007-12-20
08/12/2020 13:00,09/12/2020 13:00,400,172,17,589246,22344,307705,NA,0008-12-20
09/12/2020 13:00,10/12/2020 13:00,NA,NA,NA,595213,24152,318903,NA,0009-12-20
10/12/2020 13:00,11/12/2020 13:00,3500,1112,85,617142,25023,322325,NA,0010-12-20
11/12/2020 13:00,12/12/2020 13:00,3000,0,0,586992,28082,299901,NA,0011-12-20
12/12/2020 13:00,13/12/2020 13:00,2000,696,67,468652,20192,252033,NA,0012-12-20
13/12/2020 13:00,14/12/2020 13:00,1600,302,31,509007,21367,275298,NA,0013-12-20
14/12/2020 13:00,15/12/2020 13:00,NA,NA,NA,554936,21849,290142,NA,0014-12-20
15/12/2020 13:00,16/12/2020 13:00,2700,1028,90,570375,23668,295860,NA,0015-12-20
16/12/2020 13:00,17/12/2020 13:00,NA,NA,NA,583274,23528,301880,NA,0016-12-20
17/12/2020 13:00,18/12/2020 13:00,2200,0,73,585867,22922,297201,351430,0017-12-20
18/12/2020 13:00,19/12/2020 13:00,NA,NA,NA,554435,22784,280257,370737,0018-12-20
19/12/2020 13:00,20/12/2020 13:00,1700,344,54,461567,18342,240690,380108,0019-12-20
20/12/2020 13:00,21/12/2020 13:00,900,NA,NA,519591,21150,268954,390749,0020-12-20
21/12/2020 13:00,22/12/2020 13:00,NA,NA,NA,605407,24183,296915,NA,0021-12-20
22/12/2020 13:00,23/12/2020 13:00,2500,1077,57,615905,24223,299364,416493,0022-12-20
23/12/2020 13:00,24/12/2020 13:00,NA,NA,NA,577964,24214,283081,NA,0023-12-20
24/12/2020 13:00,25/12/2020 13:00,2000,533,37,223385,11682,141071,426021,0024-12-20
25/12/2020 13:00,26/12/2020 13:00,900,37,3,170458,7482,102079,411617,0025-12-20
26/12/2020 13:00,27/12/2020 13:00,900,52,7,307705,12912,173399,418880,0026-12-20
27/12/2020 13:00,28/12/2020 13:00,1000,63,5,338517,13733,187496,420988,0027-12-20
28/12/2020 13:00,29/12/2020 13:00,1400,94,10,412283,18132,220731,428521,0028-12-20
29/12/2020 13:00,30/12/2020 13:00,1300,156,14,445163,18478,235950,439497,0029-12-20
30/12/2020 13:00,31/12/2020 13:00,1000,172,16,446068,18501,236166,447060,0030-12-20
31/12/2020 13:00,01/01/2021 13:00,800,129,8,309134,14416,182271,451582,0031-12-20
01/01/2021 13:00,02/01/2021 13:00,700,43,7,278522,11495,166682,446841,0001-01-20
02/01/2021 13:00,03/01/2021 13:00,700,82,13,330216,13720,189924,453751,0002-01-20
03/01/2021 13:00,04/01/2021 13:00,800,74,7,327641,14104,187948,457881,0003-01-20
04/01/2021 13:00,05/01/2021 13:00,1300,128,20,438322,18174,236311,466363,0004-01-20
05/01/2021 13:00,06/01/2021 13:00,1400,324,31,500343,21655,262933,481515,0005-01-20
06/01/2021 13:00,07/01/2021 13:00,1500,462,30,501938,21489,264889,491682,0006-01-20
07/01/2021 13:00,08/01/2021 13:00,1000,429,19,506456,19942,265919,498802,0007-01-20
08/01/2021 13:00,09/01/2021 13:00,NA,NA,NA,505017,19392,265491,NA,0008-01-20
09/01/2021 13:00,10/01/2021 13:00,2100,649,40,394316,15598,223806,507388,0009-01-20
10/01/2021 13:00,11/01/2021 13:00,1100,205,23,462157,18928,256961,512649,0010-01-20
11/01/2021 13:00,12/01/2021 13:00,1300,778,40,518846,20660,279268,521231,0011-01-20
12/01/2021 13:00,13/01/2021 13:00,1300,895,59,534494,22367,286978,528073,0012-01-20
13/01/2021 13:00,14/01/2021 13:00,2225,773,54,574519,27048,309516,538827,0013-01-20
14/01/2021 13:00,15/01/2021 13:00,1995,815,49,612936,25417,324790,549320,0014-01-20
15/01/2021 13:00,16/01/2021 13:00,1610,703,38,590263,24760,311248,555824,0015-01-20
16/01/2021 13:00,17/01/2021 13:00,1466,175,21,485977,20152,271393,560159,0016-01-20
17/01/2021 13:00,18/01/2021 13:00,1019,349,35,548031,22524,305225,566272,0017-01-20
18/01/2021 13:00,19/01/2021 13:00,3598,837,55,644151,26661,344202,583527,0018-01-20
19/01/2021 13:00,20/01/2021 13:00,2057,1027,51,654410,25586,347391,592212,0019-01-20
20/01/2021 13:00,21/01/2021 13:00,1890,824,49,655465,24125,349823,598638,0020-01-20
21/01/2021 13:00,22/01/2021 13:00,1528,869,57,658391,24024,348232,602697,0021-01-20
22/01/2021 13:00,23/01/2021 13:00,1510,795,37,634639,23833,331225,605016,0022-01-20
23/01/2021 13:00,24/01/2021 13:00,1400,218,17,520996,20487,287715,605751,0023-01-20
24/01/2021 13:00,25/01/2021 13:00,16226,905,114,816600,93759,461275,767765,0024-01-20
25/01/2021 13:00,26/01/2021 13:00,20376,2346,231,1071700,63413,557435,859369,0025-01-20
26/01/2021 13:00,27/01/2021 13:00,9796,2150,155,1075771,51541,549102,830621,0026-01-20
27/01/2021 13:00,28/01/2021 13:00,8912,2125,166,1157209,68167,613262,936585,0027-01-20
28/01/2021 13:00,29/01/2021 13:00,12777,3084,169,1290482,62786,639025,974704,0028-01-20
29/01/2021 13:00,30/01/2021 13:00,8096,2044,155,1278723,54268,619131,981792,0029-01-20
30/01/2021 13:00,31/01/2021 13:00,4792,639,84,1028017,40983,542329,919035,0030-01-20
31/01/2021 13:00,01/02/2021 13:00,3289,610,74,922586,35018,490794,915542,0031-01-20
01/02/2021 13:00,02/02/2021 13:00,2834,1005,98,1009636,36745,524992,919144,0001-02-20
02/02/2021 13:00,03/02/2021 13:00,2687,2014,128,1044684,37236,539091,924263,0002-02-20
03/02/2021 13:00,04/02/2021 13:00,2201,1522,97,1020468,36856,530882,924574,0003-02-20
04/02/2021 13:00,05/02/2021 13:00,2163,1290,62,1033377,37058,528189,NA,0004-02-20
05/02/2021 13:00,06/02/2021 13:00,1774,3567,84,977239,34679,499144,922983,0005-02-20
06/02/2021 13:00,07/02/2021 13:00,2156,423,27,836037,30943,441935,915797,0006-02-20
07/02/2021 13:00,08/02/2021 13:00,1674,256,34,698023,24868,385670,910517,0007-02-20
08/02/2021 13:00,09/02/2021 13:00,1296,418,33,832351,27843,449218,917995,0008-02-20
09/02/2021 13:00,10/02/2021 13:00,1587,1208,61,890815,31954,470218,924662,0009-02-20
10/02/2021 13:00,11/02/2021 13:00,1791,1394,77,884743,29968,465242,924712,0010-02-20
11/02/2021 13:00,12/02/2021 13:00,1315,1259,59,922662,30234,478730,926024,0011-02-20
12/02/2021 13:00,13/02/2021 13:00,869,1029,52,893480,28415,456892,924998,0012-02-20
13/02/2021 13:00,14/02/2021 13:00,1062,259,13,733006,24709,399068,916562,0013-02-20
14/02/2021 13:00,15/02/2021 13:00,24713,5795,860,1280059,112347,710488,1118638,0014-02-20
15/02/2021 13:00,16/02/2021 13:00,28865,7551,861,1501673,56841,761030,1151190,0015-02-20
16/02/2021 13:00,17/02/2021 13:00,15351,3774,422,1575072,49612,784965,1132751,0016-02-20
17/02/2021 13:00,18/02/2021 13:00,16312,3773,352,1764243,52774,903383,1239074,0017-02-20
18/02/2021 13:00,19/02/2021 13:00,8207,2797,189,1854979,48599,875124,1186056,0018-02-20
19/02/2021 13:00,20/02/2021 13:00,4874,2332,99,1748806,44309,811563,1184481,0019-02-20
20/02/2021 13:00,21/02/2021 13:00,3631,526,41,1402843,34417,711368,1170410,0020-02-20
21/02/2021 13:00,22/02/2021 13:00,3590,592,51,1375470,35550,706568,1173617,0021-02-20
22/02/2021 13:00,23/02/2021 13:00,2141,2276,96,1354719,35832,687554,1171288,0022-02-20
23/02/2021 13:00,24/02/2021 13:00,3347,3657,91,1379310,46128,704119,1287698,0023-02-20
24/02/2021 13:00,25/02/2021 13:00,3183,1419,92,1394710,40588,710571,1180357,0024-02-20
25/02/2021 13:00,26/02/2021 13:00,2475,1689,92,1397806,40336,696849,1246024,0025-02-20
26/02/2021 13:00,27/02/2021 13:00,2394,1170,59,1390380,40610,691210,1228252,0026-02-20
27/02/2021 13:00,28/02/2021 13:00,8224,627,76,1318517,71189,701545,1241663,0027-02-20
28/02/2021 13:00,01/03/2021 13:00,12978,2431,292,1520287,48199,807694,1234818,0028-02-20
01/03/2021 13:00,02/03/2021 13:00,9358,2912,342,1580636,45952,805765,1251302,0001-03-20
02/03/2021 13:00,03/03/2021 13:00,6399,2680,263,1573312,41690,815036,1260789,0002-03-20
03/03/2021 13:00,04/03/2021 13:00,3681,0,0,1563674,38881,807011,1263982,0003-03-20
04/03/2021 13:00,05/03/2021 13:00,4020,3435,260,1531672,34240,788296,1265891,0004-03-20
05/03/2021 13:00,06/03/2021 13:00,3350,1165,69,1502803,30721,763491,1266754,0005-03-20
06/03/2021 13:00,07/03/2021 13:00,2643,451,40,1437960,27514,731898,1258171,0006-03-20
07/03/2021 13:00,08/03/2021 13:00,2936,681,64,1542130,34291,768315,1325907,0007-03-20
08/03/2021 13:00,09/03/2021 13:00,2755,1421,98,1499298,35551,752534,1278845,0008-03-20
09/03/2021 13:00,10/03/2021 13:00,2010,1269,82,1475257,34147,742377,1270239,0009-03-20
10/03/2021 13:00,11/03/2021 13:00,1820,1244,83,1418122,33104,736489,1264676,0010-03-20
11/03/2021 13:00,12/03/2021 13:00,1703,1367,76,1470012,33404,724380,1261266,0011-03-20
12/03/2021 13:00,13/03/2021 13:00,1496,1093,57,1344044,30589,661487,1254171,0012-03-20
13/03/2021 13:00,14/03/2021 13:00,1257,288,34,1113060,25873,576388,1238464,0013-03-20
14/03/2021 13:00,15/03/2021 13:00,1375,363,31,1108665,27938,588538,1242956,0014-03-20
15/03/2021 13:00,16/03/2021 13:00,894,993,55,1135775,28098,594123,1240704,0015-03-20
16/03/2021 13:00,17/03/2021 13:00,1125,1014,61,1125484,27889,588024,1238123,0016-03-20
17/03/2021 13:00,18/03/2021 13:00,1063,868,44,1106345,28071,584514,1233952,0017-03-20
18/03/2021 13:00,19/03/2021 13:00,1096,880,49,1141316,27564,582603,1229904,0018-03-20
19/03/2021 13:00,20/03/2021 13:00,1035,871,36,1105088,26028,556381,1224961,0019-03-20
20/03/2021 13:00,21/03/2021 13:00,1313,287,13,910052,21630,479192,1209602,0020-03-20
21/03/2021 13:00,22/03/2021 13:00,1203,350,24,910487,22879,492134,1213891,0021-03-20
22/03/2021 13:00,23/03/2021 13:00,1190,923,54,947966,24644,506548,1216460,0022-03-20
23/03/2021 13:00,24/03/2021 13:00,1334,1072,64,977919,26935,517609,1290529,0023-03-20
24/03/2021 13:00,25/03/2021 13:00,1195,907,65,985697,25595,522022,1171854,0024-03-20
25/03/2021 13:00,26/03/2021 13:00,1153,894,42,1009521,26805,523382,NA,0025-03-20
26/03/2021 13:00,27/03/2021 13:00,772,759,35,962234,23831,491183,1210573,0026-03-20
27/03/2021 13:00,28/03/2021 13:00,939,259,19,802139,20161,426384,1231104,0027-03-20
28/03/2021 13:00,29/03/2021 13:00,963,297,25,800392,21567,438349,1240280,0028-03-20
29/03/2021 13:00,30/03/2021 13:00,948,851,35,837890,22369,451950,1248264,0029-03-20
30/03/2021 13:00,31/03/2021 13:00,931,757,49,878802,23778,462849,1260010,0030-03-20
31/03/2021 13:00,01/04/2021 13:00,878,779,38,934505,24625,483762,1266251,0031-03-20
01/04/2021 13:00,02/04/2021 13:00,916,562,19,597013,17954,355999,1262585,0001-04-20
02/04/2021 13:00,03/04/2021 13:00,656,158,13,618325,15608,335266,1239163,0002-04-20
03/04/2021 13:00,04/04/2021 12:00,663,164,16,600422,17114,334594,1241514,0003-04-20
04/04/2021 12:00,05/04/2021 12:00,565,133,18,429719,12995,262450,1230418,0004-04-20
05/04/2021 12:00,06/04/2021 12:00,723,263,34,731700,19258,393473,1255721,0005-04-20
06/04/2021 12:00,07/04/2021 12:00,1238,729,48,831551,22158,436065,1268294,0006-04-20
07/04/2021 12:00,08/04/2021 12:00,1164,805,41,821037,24132,432945,1271286,0007-04-20
08/04/2021 12:00,09/04/2021 12:00,1075,930,51,869652,29596,453121,1275650,0008-04-20
09/04/2021 12:00,10/04/2021 12:00,946,807,27,815247,25993,422810,1274769,0009-04-20
10/04/2021 12:00,11/04/2021 12:00,773,248,12,658389,23615,352651,1267227,0010-04-20
11/04/2021 12:00,12/04/2021 12:00,777,374,20,726658,32281,401590,1377353,0011-04-20
12/04/2021 12:00,13/04/2021 12:00,843,806,33,804654,35897,433612,1374551,0012-04-20
13/04/2021 12:00,14/04/2021 12:00,843,747,52,811319,31543,431683,1330590,0013-04-20
14/04/2021 12:00,15/04/2021 12:00,977,700,32,811850,36311,434933,1289966,0014-04-20
15/04/2021 12:00,16/04/2021 12:00,902,829,39,836552,30335,429984,1289429,0015-04-20
16/04/2021 12:00,17/04/2021 12:00,1163,713,24,788936,27788,403888,1286469,0016-04-20
17/04/2021 12:00,18/04/2021 12:00,1034,287,23,668654,23472,351223,1277022,0017-04-20
18/04/2021 12:00,19/04/2021 12:00,1175,275,23,678978,26601,369736,1284847,0018-04-20
19/04/2021 12:00,20/04/2021 12:00,2247,722,40,753334,27645,395708,1288908,0019-04-20
20/04/2021 12:00,21/04/2021 12:00,1845,698,56,767403,34023,406016,1351780,0020-04-20
21/04/2021 12:00,22/04/2021 12:00,1572,765,44,811809,30470,423717,1297095,0021-04-20
22/04/2021 12:00,23/04/2021 12:00,1558,757,38,815592,29274,419034,1296298,0022-04-20
23/04/2021 12:00,24/04/2021 12:00,1584,506,25,797460,28124,404587,1294474,0023-04-20
24/04/2021 12:00,25/04/2021 12:00,1438,177,15,573661,25379,311922,1283744,0024-04-20
25/04/2021 12:00,26/04/2021 12:00,1192,178,17,540105,21693,302198,1277881,0025-04-20
26/04/2021 12:00,27/04/2021 12:00,1380,261,15,659486,26636,355975,1292388,0026-04-20
27/04/2021 12:00,28/04/2021 12:00,1367,669,43,755551,28322,389363,1298379,0027-04-20
28/04/2021 12:00,29/04/2021 12:00,1342,675,32,749841,27375,388423,1299289,0028-04-20
29/04/2021 12:00,30/04/2021 12:00,1405,797,35,752137,27070,389181,1299553,0029-04-20
30/04/2021 12:00,01/05/2021 12:00,1336,618,25,721814,26284,369823,1297133,0030-04-20
01/05/2021 12:00,02/05/2021 12:00,1165,93,12,602264,22571,317803,1288520,0001-05-20
02/05/2021 12:00,03/05/2021 12:00,981,286,18,613324,24655,338255,1298012,0002-05-20
03/05/2021 12:00,04/05/2021 12:00,1338,479,27,662446,25370,355889,1300661,0003-05-20
04/05/2021 12:00,05/05/2021 12:00,1179,826,44,675423,24944,359046,1302256,0004-05-20
05/05/2021 12:00,06/05/2021 12:00,1130,674,38,682708,26846,363638,1302359,0005-05-20
06/05/2021 12:00,07/05/2021 12:00,1393,591,17,714455,28352,374380,1303336,0006-05-20
07/05/2021 12:00,08/05/2021 12:00,1288,758,25,679484,26006,352438,1301205,0007-05-20
08/05/2021 12:00,09/05/2021 12:00,939,177,9,561358,21242,299247,1292770,0008-05-20
09/05/2021 12:00,10/05/2021 12:00,1122,136,15,566841,23535,317763,1302190,0009-05-20
10/05/2021 12:00,11/05/2021 12:00,1448,768,46,612031,24559,333154,1303359,0010-05-20
11/05/2021 12:00,12/05/2021 12:00,1174,691,31,606797,24399,330800,1303641,0011-05-20
12/05/2021 12:00,13/05/2021 12:00,1215,607,34,623976,24878,337524,1302858,0012-05-20
13/05/2021 12:00,14/05/2021 12:00,1186,648,38,648837,24236,342656,1301884,0013-05-20
14/05/2021 12:00,15/05/2021 12:00,976,542,15,616025,22961,322947,1298549,0014-05-20
15/05/2021 12:00,16/05/2021 12:00,1038,147,9,537620,19999,284900,1289290,0015-05-20
16/05/2021 12:00,17/05/2021 12:00,1136,235,17,529963,25368,295019,1298945,0016-05-20
17/05/2021 12:00,18/05/2021 12:00,1248,612,27,551116,23832,303896,1331697,0017-05-20
18/05/2021 12:00,19/05/2021 12:00,1066,551,27,591370,24081,322358,1371077,0018-05-20
19/05/2021 12:00,20/05/2021 12:00,1032,493,22,600806,23142,326557,1304588,0019-05-20
20/05/2021 12:00,21/05/2021 12:00,1037,672,24,607816,23257,326280,1303142,0020-05-20
21/05/2021 12:00,22/05/2021 12:00,1056,566,19,576287,21427,299730,1300029,0021-05-20
22/05/2021 12:00,23/05/2021 12:00,855,160,9,489261,18529,261315,1290406,0022-05-20
23/05/2021 12:00,24/05/2021 12:00,1015,117,19,479684,20067,268877,1298494,0023-05-20
24/05/2021 12:00,25/05/2021 12:00,1161,645,41,520691,22023,286602,1300515,0024-05-20
25/05/2021 12:00,26/05/2021 12:00,1017,560,30,558592,24318,301828,1303384,0025-05-20
26/05/2021 12:00,27/05/2021 12:00,923,535,30,577032,25033,313009,1304535,0026-05-20
27/05/2021 12:00,28/05/2021 12:00,802,608,35,609880,29067,324347,1307000,0027-05-20
28/05/2021 12:00,29/05/2021 12:00,1054,506,23,585752,26866,309943,1304612,0028-05-20
29/05/2021 12:00,30/05/2021 12:00,813,136,6,474623,22112,255175,1297379,0029-05-20
30/05/2021 12:00,31/05/2021 12:00,827,219,23,449578,23102,256187,1303456,0030-05-20
31/05/2021 12:00,01/06/2021 12:00,916,617,29,506942,24411,281826,1306235,0031-05-20
01/06/2021 12:00,02/06/2021 12:00,844,632,35,553263,29310,300753,1329251,0001-06-20
02/06/2021 12:00,03/06/2021 12:00,911,551,22,572270,27105,309351,1418055,0002-06-20
03/06/2021 12:00,04/06/2021 12:00,977,622,24,591754,25711,313616,1428554,0003-06-20
04/06/2021 12:00,05/06/2021 12:00,1078,577,25,605310,43817,318045,1436614,0004-06-20
05/06/2021 12:00,06/06/2021 12:00,787,154,24,520265,25166,271170,1424433,0005-06-20
06/06/2021 12:00,07/06/2021 12:00,843,116,8,405675,22152,224634,1424498,0006-06-20
07/06/2021 12:00,08/06/2021 12:00,1050,277,21,473089,26048,266503,1435934,0007-06-20
08/06/2021 12:00,09/06/2021 12:00,716,725,41,552397,27004,297801,1438991,0008-06-20
09/06/2021 12:00,10/06/2021 12:00,938,613,42,557111,26460,299793,1439912,0009-06-20
10/06/2021 12:00,11/06/2021 12:00,1189,669,39,570817,25595,306013,1440168,0010-06-20
11/06/2021 12:00,12/06/2021 12:00,1113,482,20,539526,22934,286327,1439058,0011-06-20
12/06/2021 12:00,13/06/2021 12:00,889,117,16,449481,20423,242941,1432431,0012-06-20
13/06/2021 12:00,14/06/2021 12:00,897,193,20,445468,22488,252590,1439201,0013-06-20
14/06/2021 12:00,15/06/2021 12:00,1002,543,41,472985,23829,265104,1441218,0014-06-20
15/06/2021 12:00,16/06/2021 12:00,907,546,27,504824,23880,276758,1442094,0015-06-20
16/06/2021 12:00,17/06/2021 12:00,972,516,19,518620,25011,283107,1442938,0016-06-20
17/06/2021 12:00,18/06/2021 12:00,1038,496,31,531448,24685,286469,1442705,0017-06-20
18/06/2021 12:00,19/06/2021 12:00,1122,473,31,509570,24288,271606,1441336,0018-06-20
19/06/2021 12:00,20/06/2021 12:00,1057,142,12,415257,19518,226835,1435191,0019-06-20
20/06/2021 12:00,21/06/2021 12:00,1003,211,14,413262,22458,237887,1441967,0020-06-20
21/06/2021 12:00,22/06/2021 12:00,1246,542,25,471714,23750,262074,1444165,0021-06-20
22/06/2021 12:00,23/06/2021 12:00,1237,592,40,572739,67640,318622,1446423,0022-06-20
23/06/2021 12:00,24/06/2021 12:00,6113,1790,176,895814,106823,482433,1475236,0023-06-20
24/06/2021 12:00,25/06/2021 12:00,3685,1243,87,961899,55495,491460,1482381,0024-06-20
25/06/2021 12:00,26/06/2021 12:00,2653,696,40,942463,48508,475317,1476297,0025-06-20
26/06/2021 12:00,27/06/2021 12:00,2333,245,30,792116,39649,399592,1472625,0026-06-20
27/06/2021 12:00,28/06/2021 12:00,1871,346,30,755199,48065,404930,1481350,0027-06-20
28/06/2021 12:00,29/06/2021 12:00,2797,858,82,806641,50385,430272,1486958,0028-06-20
29/06/2021 12:00,30/06/2021 12:00,1844,833,49,806141,39891,434548,1494143,0029-06-20
30/06/2021 12:00,01/07/2021 12:00,985,630,52,858633,38571,448953,1495931,0030-06-20
01/07/2021 12:00,02/07/2021 12:00,994,734,40,844967,35533,436388,1493706,0001-07-20
02/07/2021 12:00,03/07/2021 12:00,881,580,28,815132,33304,418608,1491864,0002-07-20
03/07/2021 12:00,04/07/2021 12:00,752,0,0,703962,29380,356799,1484382,0003-07-20
04/07/2021 12:00,05/07/2021 12:00,835,390,44,660565,31315,357404,1491245,0004-07-20
05/07/2021 12:00,06/07/2021 12:00,1066,666,33,695683,31712,371356,1493789,0005-07-20
06/07/2021 12:00,07/07/2021 12:00,1082,577,33,703783,33116,372903,1495009,0006-07-20
07/07/2021 12:00,08/07/2021 12:00,1077,607,32,720498,31668,380327,1494760,0007-07-20
08/07/2021 12:00,09/07/2021 12:00,1105,616,20,726646,31573,379057,1494548,0008-07-20
09/07/2021 12:00,10/07/2021 12:00,1152,583,29,718980,30273,367985,1492946,0009-07-20
10/07/2021 12:00,11/07/2021 12:00,1100,136,14,628330,26972,324897,1485271,0010-07-20
11/07/2021 12:00,12/07/2021 12:00,1009,257,23,590753,29059,321561,1491288,0011-07-20
12/07/2021 12:00,13/07/2021 12:00,1126,587,42,657281,30418,346003,1493767,0012-07-20
13/07/2021 12:00,14/07/2021 12:00,1117,521,29,674306,29293,352810,1494486,0013-07-20
14/07/2021 12:00,15/07/2021 12:00,1140,598,39,695996,30319,361282,1495008,0014-07-20
15/07/2021 12:00,16/07/2021 12:00,1190,596,28,701032,29638,359956,1495096,0015-07-20
16/07/2021 12:00,17/07/2021 12:00,973,423,26,626663,26242,325928,1493082,0016-07-20
17/07/2021 12:00,18/07/2021 12:00,818,139,12,499830,22639,272182,1486125,0017-07-20
18/07/2021 12:00,19/07/2021 12:00,853,232,30,547499,26660,301763,1492538,0018-07-20
19/07/2021 12:00,20/07/2021 12:00,688,608,33,624078,29026,331290,1494995,0019-07-20
20/07/2021 12:00,21/07/2021 12:00,791,579,51,648836,29171,339042,1495447,0020-07-20
21/07/2021 12:00,22/07/2021 12:00,753,523,31,626721,28712,332176,1495777,0021-07-20
22/07/2021 12:00,23/07/2021 12:00,847,593,32,641670,28028,336029,1495497,0022-07-20
23/07/2021 12:00,24/07/2021 12:00,789,493,19,641940,28839,330343,1493283,0023-07-20
24/07/2021 12:00,25/07/2021 12:00,523,135,16,543274,25107,288638,1486250,0024-07-20
25/07/2021 12:00,26/07/2021 12:00,448,212,20,512434,27196,287856,1493397,0025-07-20
26/07/2021 12:00,27/07/2021 12:00,619,565,34,551148,27592,302924,1494941,0026-07-20
27/07/2021 12:00,28/07/2021 12:00,526,667,31,580854,26891,314728,1495321,0027-07-20
28/07/2021 12:00,29/07/2021 12:00,546,544,32,602497,26973,324664,1495060,0028-07-20
29/07/2021 12:00,30/07/2021 12:00,511,569,37,618173,27892,327932,1494077,0029-07-20
30/07/2021 12:00,31/07/2021 12:00,520,556,20,586494,24576,308155,1492106,0030-07-20
31/07/2021 12:00,01/08/2021 12:00,477,118,12,503654,23243,270432,1484584,0031-07-20
01/08/2021 12:00,02/08/2021 12:00,444,194,15,499461,24490,280459,1491811,0001-08-20
02/08/2021 12:00,03/08/2021 12:00,457,592,36,530975,24865,291143,1494080,0002-08-20
03/08/2021 12:00,04/08/2021 12:00,425,669,30,540909,24438,295287,1494971,0003-08-20
04/08/2021 12:00,05/08/2021 12:00,479,650,41,568860,27075,307728,1497332,0004-08-20
05/08/2021 12:00,06/08/2021 12:00,463,592,33,575566,25459,304821,1500805,0005-08-20
06/08/2021 12:00,07/08/2021 12:00,395,499,21,572614,23650,297127,1502392,0006-08-20
07/08/2021 12:00,08/08/2021 12:00,302,121,12,475974,20583,255553,1497827,0007-08-20
08/08/2021 12:00,09/08/2021 12:00,361,182,15,439191,23594,249726,1506839,0008-08-20
09/08/2021 12:00,10/08/2021 12:00,439,700,36,522024,26050,286518,1510613,0009-08-20
10/08/2021 12:00,11/08/2021 12:00,430,605,39,579445,25321,307953,1513447,0010-08-20
11/08/2021 12:00,12/08/2021 12:00,605,694,42,615261,28976,326873,1516064,0011-08-20
12/08/2021 12:00,13/08/2021 12:00,616,864,44,643613,27671,334892,1519130,0012-08-20
13/08/2021 12:00,14/08/2021 12:00,571,594,26,624766,27147,322193,1519903,0013-08-20
14/08/2021 12:00,15/08/2021 12:00,446,147,17,529208,22905,279839,1514023,0014-08-20
15/08/2021 12:00,16/08/2021 12:00,465,208,18,526914,25776,291075,1521423,0015-08-20
16/08/2021 12:00,17/08/2021 12:00,489,297,41,555441,25306,301951,1525306,0016-08-20
